{
  "accuracy": 0.9510869565217391,
  "macro_auc": 0.9926026448933286,
  "macro_ap": 0.9882831651976208,
  "epoch": 31,
  "train_loss": 0.16063405618183596,
  "lr": 1.1756124650687124e-05
}