{
  "accuracy": 0.9484877126654064,
  "macro_auc": 0.9926444698426232,
  "macro_ap": 0.9885092214642355
}