{
  "accuracy": 0.9586034177961108,
  "macro_auc": 0.995026876291596,
  "macro_ap": 0.9899621580084536,
  "epoch": 39,
  "train_loss": 0.17676853750533653,
  "lr": 1.4568463066932901e-08
}