{
  "accuracy": 0.9443134944018857,
  "macro_auc": 0.9942348086902756,
  "macro_ap": 0.9883543302219299
}