{
  "accuracy": 0.9657372400756143,
  "macro_auc": 0.9959758547259678,
  "macro_ap": 0.9934217203919554
}