{
  "mean_auc": 0.7987953479373419,
  "mean_ap": 0.2916487043199586,
  "micro_f1": 0.3492252681764005,
  "exact_match_accuracy": 0.24835911861228316,
  "label_accuracy": 0.9118299734333489,
  "per_class_auc": {
    "Atelectasis": 0.7707470524762664,
    "Cardiomegaly": 0.8813399471222851,
    "Effusion": 0.8259587148891322,
    "Infiltration": 0.7091008263526202,
    "Mass": 0.8148642417423239,
    "Nodule": 0.7645394686808653,
    "Pneumonia": 0.7185747985915711,
    "Pneumothorax": 0.8562204273314273,
    "Consolidation": 0.7473288454113483,
    "Edema": 0.8451212989975099,
    "Emphysema": 0.8706432832561272,
    "Fibrosis": 0.8031333842239882,
    "Pleural_Thickening": 0.761534608198512,
    "Hernia": 0.8771567009745381,
    "No Finding": 0.7356666208116138
  },
  "per_class_ap": {
    "Atelectasis": 0.3378371839037695,
    "Cardiomegaly": 0.3380000358399263,
    "Effusion": 0.5111830072408328,
    "Infiltration": 0.4101526914789507,
    "Mass": 0.31509285840452217,
    "Nodule": 0.22652939217044046,
    "Pneumonia": 0.051873272319754846,
    "Pneumothorax": 0.4241356655764181,
    "Consolidation": 0.16003610868103982,
    "Edema": 0.16965647425425645,
    "Emphysema": 0.3405983446430279,
    "Fibrosis": 0.10074087255492392,
    "Pleural_Thickening": 0.12820886975089602,
    "Hernia": 0.19760345707898858,
    "No Finding": 0.6630823309016316
  }
}