{
  "accuracy": 0.9586034177961108,
  "macro_auc": 0.995026876291596,
  "macro_ap": 0.9899621580084536
}