{
  "accuracy": 0.9612476370510397,
  "macro_auc": 0.9962223787218146,
  "macro_ap": 0.9941432378292343
}